<?xml version="1.0" encoding="UTF-8"?><?xml-stylesheet type='text/xsl' href='_UpgradeReport_Files/UpgradeReport.xslt'?><UpgradeLog>
<Properties><Property Name="Solution" Value="Test1">
</Property><Property Name="Solution File" Value="D:\My Documents\Expression\Expression Blend Projects\Test1\Test1.sln">
</Property><Property Name="Date" Value="Monday, January 21, 2008">
</Property><Property Name="Time" Value="18:32:24 PM">
</Property></Properties><Event ErrorLevel="0" Project="Test1" Source="Test1.csproj" Description="Project file successfully backed up as D:\My Documents\Expression\Expression Blend Projects\Test1\Backup\Test1.csproj">
</Event><Event ErrorLevel="0" Project="Test1" Source="App.xaml.cs" Description="File successfully backed up as D:\My Documents\Expression\Expression Blend Projects\Test1\Backup\App.xaml.cs">
</Event><Event ErrorLevel="0" Project="Test1" Source="AssemblyInfo.cs" Description="File successfully backed up as D:\My Documents\Expression\Expression Blend Projects\Test1\Backup\AssemblyInfo.cs">
</Event><Event ErrorLevel="0" Project="Test1" Source="Window1.xaml.cs" Description="File successfully backed up as D:\My Documents\Expression\Expression Blend Projects\Test1\Backup\Window1.xaml.cs">
</Event><Event ErrorLevel="0" Project="Test1" Source="App.xaml" Description="File successfully backed up as D:\My Documents\Expression\Expression Blend Projects\Test1\Backup\App.xaml">
</Event><Event ErrorLevel="0" Project="Test1" Source="Window1.xaml" Description="File successfully backed up as D:\My Documents\Expression\Expression Blend Projects\Test1\Backup\Window1.xaml">
</Event><Event ErrorLevel="0" Project="Test1" Source="Test1.csproj" Description="Project converted successfully">
</Event><Event ErrorLevel="3" Project="Test1" Source="Test1.csproj" Description="Converted">
</Event><Event ErrorLevel="0" Project="Test1" Source="Test1.csproj" Description="Scan complete: Upgrade not required for project files.">
</Event></UpgradeLog>